id,order_no,user_id,station_id,pile_id,status,unit_price,start_soc,battery_capacity_kwh,target_soc,reserve_time,start_time,end_time,duration_seconds,kwh,amount,pay_request_id,created_at,updated_at
13,CDMINI-DUP,1,1,1,settled,1.20,20.00,60.00,80.00,2026-09-03 08:00:00,2026-09-03 08:10:00,2026-09-03 09:10:00,3600,21.00,25.20,PAYDUP-NEW,2026-09-03 08:00:00,2026-09-03 09:15:00
1,CDMINI001,1,1,1,settled,1.20,20.00,60.00,80.00,2026-09-01 07:50:00,2026-09-01 08:00:00,2026-09-01 09:00:00,3600,30.00,36.00,PAYMINI001,2026-09-01 07:50:00,2026-09-01 09:00:00
2,CDMINI002,1,1,2,settled,1.20,30.00,50.00,80.00,2026-09-01 17:40:00,2026-09-01 18:00:00,2026-09-01 19:30:00,5400,22.50,27.00,PAYMINI002,2026-09-01 17:40:00,2026-09-01 19:30:00
3,CDMINI003,2,2,5,settled,1.40,15.00,70.00,90.00,2026-09-02 08:10:00,2026-09-02 08:20:00,2026-09-02 09:20:00,3600,40.00,56.00,PAYMINI003,2026-09-02 08:10:00,2026-09-02 09:20:00
4,CDMINI004,2,2,6,settled,1.40,40.00,50.00,80.00,2026-09-02 18:00:00,2026-09-02 18:10:00,2026-09-02 19:00:00,3000,18.00,25.20,PAYMINI004,2026-09-02 18:00:00,2026-09-02 19:00:00
5,CDMINI005,1,3,11,settled,1.60,25.00,60.00,85.00,2026-09-03 12:00:00,2026-09-03 12:10:00,2026-09-03 13:10:00,3600,28.00,44.80,PAYMINI005,2026-09-03 12:00:00,2026-09-03 13:10:00
6,CDMINI006,3,1,1,settled,1.20,10.00,80.00,90.00,2026-09-04 08:00:00,2026-09-04 08:05:00,2026-09-04 10:05:00,7200,48.00,57.60,PAYMINI006,2026-09-04 08:00:00,2026-09-04 10:05:00
7,CDMINI007,1,2,5,settled,1.40,35.00,55.00,80.00,2026-09-05 17:50:00,2026-09-05 18:00:00,2026-09-05 19:00:00,3600,24.00,33.60,PAYMINI007,2026-09-05 17:50:00,2026-09-05 19:00:00
8,CDMINI008,2,3,11,settled,1.60,20.00,60.00,80.00,2026-09-06 09:00:00,2026-09-06 09:10:00,2026-09-06 10:40:00,5400,36.00,57.60,PAYMINI008,2026-09-06 09:00:00,2026-09-06 10:40:00
